"","V1","V2","V3","V4","V5","V6","V7","V8","V9","V10","V11","V12","V13","V14","V15","V16","V17","V18","V19","V20","V21","V22","V23","V24","V25","V26","V27","V28","V29","V30","V31","V32","V33","V34","V35","V36","V37","V38","V39","V40","V41","V42","V43","V44","V45","V46","V47","V48","V49","V50","V51","V52","V53","V54","V55","V56","V57","V58","V59","V60","V61","V62","V63","V64","V65","V66","V67","V68","V69","V70","V71","V72","V73","V74","V75","V76","V77","V78","V79","V80","V81","V82","V83","V84","V85","V86","V87","V88","V89","V90","V91","V92","V93","V94","V95","V96","V97","V98","V99","V100"
"SLC7A11",0.640812066566757,0.650459451869344,0.080520863485613,0.518313197100028,0.351259109978322,0.254135266224772,0.382940332120946,0.52160044725963,0.793194168950524,0.671535107820315,0.00332438144610259,0.180477432814508,0.619599470869844,0.285582874491755,0.194942864057216,0.277706355876791,0.241961212416069,0.127555256787544,0.0499409947759789,0.720795199934958,0.0337288424208889,1,0.146756046652134,0.428381668481625,0.255429724570239,0.244397936396929,0.00483780655464175,0.061964311132281,0.51909493027814,0.0747237720708949,0.037325259218578,0.606737147291191,0.119142325309819,0.492386376842053,0.489010048658244,0.542540434875093,0.145889726882317,0.626948977895105,0.0183435841765588,0.321171394455892,0.248037492204329,1,0.328791070804538,0.10153402851389,0.384470317052495,0.119690955412841,0.267531981521199,0.35973523318872,0.496740366991117,1,0.254447543332907,0.135823593368493,0.47510636447582,0.148703228998089,0.131180339079919,0.637050676947382,0.182646118018697,0.362780683306318,0.67853469658478,0.376490959884502,0.000118531236179118,0.276298424680742,0.295789930846,0.289405140182091,0.865054213321061,0.818435626058479,0.0386646527391957,0.0743771027222484,0.556515250941399,0.103271824995652,0.152714507371716,0.595861383243953,0.298073361649066,0.653014082710843,0.379142233010599,0.285256398140259,0.0117935648191197,1,0.670277203970926,0.0560271791325233,0.596659075021314,0.174088185190313,0.337252814358491,0.400562398362655,0.0833301229409308,0.268306735337067,0.979331909702233,0.396024923351147,1,0.367578045841581,0.0217280772503432,0.912217254907056,1,0.869510944100223,0.0271139272723752,0.54582389764169,0.250101277738522,0.223012176332203,0.69183307887168,0.175873410944138
"IFNG",0.531381281418814,0.633548601482258,0.13818366999861,0.964623282849958,0.236055995087892,0.0999531365508247,0.312993696979947,0.161867898525498,0.530057850086213,0.464592193484142,0.241518505037426,0.0370911848073747,0.7293180945413,0.214635075623285,0.620438249255763,0.175847837197882,0.0828943026882894,0.223474897243268,0.110670615035826,0.234926524294051,0.127825931021554,0.672320177108424,0.300067070699391,0.0608537926003536,0.0629670506137997,0.0492483905951146,0.224776197005467,0.215348759285717,0.770754338340616,0.253826879658466,0.16386857872069,0.560520261372238,0.00792476407953844,0.266072320670296,0.222774958399434,1,0.294919550211057,0.57441237651798,0.107747598191124,0.179089609411095,0.568940605100858,1,0.0820842531032284,0.0608951125290545,0.632364866632468,0.0415748073675598,0.311057675035782,0.0590989870784447,0.443029496546846,0.0353828979332545,0.013592660764842,0.349907891441254,0.726785093615993,0.37819788619696,0.301982949928542,1,0.125088843794163,0.29801898343888,0.0989337475638678,0.0456920101887038,0.390124860245194,0.318940025739294,0.264431569438985,0.427012626822891,0.96733395871412,0.487157842534436,0.283716561389738,0.199696343764523,0.223176736348845,0.303316665992262,0.358422288058101,0.424702031483816,0.0414573641006442,0.588650265229283,0.944576849728597,0.391539628174394,0.338846940328075,0.502041545027036,0.655645469289652,0.0423432165123415,0.607241034448524,0.0225446722515212,0.530805575231917,0.682266277559602,0.181966223662893,0.446518406926456,0.608071532855873,0.274795027919554,0.308679605210337,0.465489976942681,0.710632586100562,0.29198745539102,0.22463791280379,0.491664941243997,0.469273382365007,0.339812043696991,0.855232512415611,0.191666769510108,0.390908507411048,0.134489032724158
"TFRC",0.209119923324823,0.474802105042563,0.0558254467721251,0.907460734639743,0.370559043179888,0.0897568605868636,0.422836395070511,0.350893331218665,0.765726441106508,0.298518103825556,0.0701165705270782,0.123020834796364,0.608172008178491,0.137157985948093,0.644673869919954,0.286116490276869,0.284536202170217,0.478172374377111,0.00215351595202719,0.912727246202457,0.102959670134003,1,0.108097583500639,0.532846236763724,0.455879237143605,0.15788701071801,0.0107680391749488,0.0450710191587646,0.75882968054937,0.120458739228182,0.105936196611022,0.749179595530785,0.0183601108088948,0.651273387338877,0.512370915618185,0.6826258207167,0.729139564378921,0.510184059679508,0.181531262221809,0.36579399061354,0.499975913286354,1,0.103135248488149,0.208463353489051,1,0.26310901424614,0.13062532629585,0.0463135142734469,0.427765586583239,0.354082130157948,0.0868370315513461,0.266182239122734,0.817722546456634,0.382898225529741,0.318452612351512,1,0.172079560539793,0.282283655573032,0.280089920892588,0.260889159147606,0.331472689242364,0.36262807787087,0.291810329288471,0.80831975876091,1,0.326741481539723,0.322184583476104,0.253086829506804,0.49384704800925,0.292437643984336,0.391357864413758,0.375317767931019,0.198457971122506,0.702451887018663,0.649349885641842,0.625077854660119,0.0906523917709224,1,0.769717626279149,0.234463336538659,0.701983319403454,0.236612837767027,0.95712927605924,0.804222155400136,0.316199089374032,1,1,0.32334221462168,0.355714447434534,0.857851178323496,0.0765987061676239,0.628908494545699,0.775088469133684,0.717152240302607,0.114483139207391,0.562125788284985,0.355889863891788,0.176578925150922,0.393502096941351,0.0971315526581603
"FTH1",0.727431795308581,0.704819597066176,0.172165870250687,0.131527277538342,0.219675337349865,0.649665358164168,0.213587598343791,0.755717108076326,0.533052410204844,0.974690476271684,0.440797781121711,0.146654196142919,0.247178511454973,0.780466563604121,0.314916301276519,0.233956224281053,0.240750278874205,0.488975609513907,0.524077647346899,1,0.459000386929909,0.434370273579047,0.160499268537983,0.328546159734922,0.165041662280331,0.318514560168851,0.298274193425222,0.260461579461741,0.118775782140727,0.0754137512711546,0.506806189027672,0.454733545015459,0.488916152833513,0.0860497565460996,0.834002985934821,0.150802622958159,0.219760243117589,0.376665651579682,0.013205035963477,0.277061196946487,0.341508987745006,0.604993450200138,0.175800370572849,0.30583554133418,0.0948984729218417,0.637965622944373,0.236088973323564,0.516892642727856,0.565560107491539,0.647614292463826,0.0592296929083942,0.338311248387489,0.0202594306273482,0.457709140990939,0.37912096378578,0.519148600659456,0.177799096796636,0.280683851121115,1,0.396525692400746,0.117874060797804,0.339993158810321,0.0865356694120375,0.74638361084995,1,0.288787054065805,0.253338131943029,0.0304346529131424,0.52756950113116,0.431872459701612,0.147989349966084,0.461461158343168,0.592812603797826,0.0144722739591919,0.27134505865433,0.0510486828890308,0.494269755250726,0.72841225443854,0.35770399221774,0.362835358772139,0.0878996645369893,0.241408491865856,0.111295339533241,0.248846886064388,0.179204744942817,0.309005289609749,1,0.040033791073701,0.945786699522132,0.387848364267425,0.497601601940875,0.787257348166595,0.889356058664437,0.396356870200257,0.100039218481124,0.0421160367370611,0.246740521937817,0.284494153642438,0.745798061064227,0.597639444427658
"TNF",0.698457023902159,0.766217967870051,0.106932637647765,0.594732656953766,0.383720745710394,0.00296696618282384,0.423476110557849,0.448046120796249,1,0.549102791888796,0.0549451719202602,0.189451341705183,0.753815423410838,0.0875769790822726,0.0468884490947044,0.325665790007797,0.469149425315839,0.152343519992998,0.162542407300459,0.915443224589043,0.100559911609006,1,0.133388184756035,0.434312470615794,0.173119483459744,0.106661354135229,0.0070542898808319,0.0459400484152901,0.520615596937571,0.149072882810692,0.00849965393118833,0.706131648316457,0.222312817652663,0.396737977327958,0.377688786430526,0.820796055519426,0.126438484850184,0.711779755146074,0.0194088521762464,0.362802757900539,0.233505710294946,1,0.382375327304548,0.364673648934384,0.324103440734528,0.268654113802301,0.386640252701947,0.410116051581007,0.41945489938635,0.998967170121234,0.218538991886569,0.06487060728063,0.521981891196899,0.329332756530037,0.327533243354654,0.996030332607534,0.181391283436283,0.380888605963291,1,0.388480100594503,0.0685884486193738,0.236226547177314,0.312643146140744,0.22939790259076,0.972460881725473,0.782128829395814,0.187939061707729,0.105700176684359,0.624316314956455,0.0241279977995424,0.164295079086208,0.76977605640075,0.0244390062756717,0.563987219537137,0.350742242500451,0.339205195779476,0.0338994760318384,0.761827222688802,0.627481900305633,0.115528257328038,0.646366617071333,0.187663599433697,0.232984771343399,0.203953005361982,0.0364893407106806,0.42186801376628,0.809656090445442,0.383236374665989,1,0.562602530483487,0.145444853209669,1,1,0.975251451254847,0.0595269611745466,0.459244260075358,0.203502961768565,0.247545062287493,0.971539327716981,0.292157071725639
"IL1B",0.768618166927131,0.653428843759974,0.161668403294067,0.415977662096472,0.36385713247059,0.199426875327559,0.397378650742848,0.682535042565552,0.730085620287728,0.655683769426193,0.0976155950440061,0.214024376406549,0.657212653597625,0.100247643888022,0.0217662930388752,0.306355192513991,0.454652883492555,0.103438361874464,0.199363278743942,0.887410818599514,0.131811736553636,1,0.0996817930648161,0.482224347221968,0.26184907715105,0.179301827747062,0.127370808703701,0.128679909405824,0.434544589871381,0.0775672735932843,0.126584863562934,0.649800692227785,0.223404637126896,0.455189138732259,0.53566932490019,0.503844013281017,0.0302812187645781,0.559110740528654,0.0343814896373202,0.364508227818377,0.161347108670338,1,0.445845850039384,0.255152224608923,0.189693507711882,0.182508320341444,0.333518317546584,0.507588106836248,0.560728242382769,1,0.302223433744747,0.00977510329538128,0.40972124550678,0.423999910611518,0.199203834346392,0.959744959050916,0.215079465156985,0.337753942665913,0.974915489377691,0.624653738169588,0.0455519283178594,0.158278080825727,0.300163399423839,0.127436784720525,0.813701177691031,0.553938260320577,0.0820125713262464,0.0454129623510155,0.619672921345149,0.0136605574217697,0.0571174619595896,0.701765334491705,0.107011478334859,0.600301898239908,0.232709527638729,0.233717339519475,0.108380938784516,0.91064578778725,0.689803295218142,0.109610534194086,0.569712288730443,0.209686417940379,0.320482261887589,0.100821596540812,0.00291572187073573,0.366355569488541,0.961024387447013,0.37382159471104,1,0.384033409559405,0.0188778176662412,1,1,0.933403901164584,0.182172358921034,0.495563889042375,0.0841807714018901,0.248161333122648,0.914024334655949,0.309564542695187
"NFKB1",0.687449008320633,0.586650458294846,0.220008772227731,0.298783986019792,0.377123270724863,0.147438774835931,0.349018536538355,0.582853897526209,1,0.877608576544592,0.148856459240887,0.247950246926621,0.614439353916257,0.152568440150849,0.132970159706328,0.311611632431626,0.559983225533656,0.162396855926095,0.214366193505341,0.800680904276176,0.156823937931812,1,0.0517863444445774,0.577771394944692,0.231644190401568,0.32007496478399,0.242722341300182,0.2096775267504,0.344732771063311,0.00118746449014507,0.0595620156178555,0.611983121709043,0.236051909756939,0.432825164501136,0.521785395041975,0.353660661390524,0.115875082823247,0.557034199090711,0.00675459909279426,0.382190761477414,0.13564740695526,1,0.511863497880794,0.232459891232586,0.182974595616301,0.326274446538245,0.317505353589209,0.619530231484123,0.584996928833139,1,0.39836189241044,0.0558734801349748,0.325537780434542,0.565095783633546,0.161573334137142,1,0.203182516165492,0.312198701118961,1,0.416454570146466,0.17941290253882,0.0983471783964947,0.29588865865959,0.0374344844936041,1,0.765998015003425,0.00512295889505136,0.0458421546592998,0.693844443068012,0.0490640634553974,0.00774295170735257,0.674804587199183,0.140281995524543,0.570326830199842,0.0356073149301632,0.181062038112109,0.198066422817549,0.703969403632731,0.752222803245846,0.0449441346174596,0.533270785656163,0.250363144975093,0.236253370781059,0.00897357224937881,0.0280530625314405,0.378846309098935,0.897347811511533,0.358132798447827,1,0.601287863776493,0.238078855054854,1,1,1,0.293516192316269,0.500923422025652,0.0864018092869327,0.240221601726011,0.765145982007671,0.298422225426991
"FTL",0.129315037852233,0.832888677869482,0.203922363356783,0.0858764422819761,0.273674808030607,0.30191344286157,0.164199822506143,0.596792822551791,0.524789586899154,1,0.463104793289885,0.140412252187639,0.0438448150207608,0.522925689532339,0.39221063970764,0.301753495297357,0.65502008435835,0.0374643856552779,0.194540777225531,1,0.305683701298188,0.509764294039196,0.292158742517052,0.685186034108215,0.546978025577116,0.406941711849579,0.638762983698083,0.3767256045332,0.0551614799654574,0.0259214569130758,0.812503584834126,0.476351212575654,0.335254630072435,0.235957497009782,0.555507626392089,0.300478875580242,0.590955955501131,0.0842873566457928,0.402691802480251,0.342860193408129,0.194451473849965,0.576224478197544,0.0149679260195353,0.605606088567486,0.909714416811553,0.807799612827783,0.0701923003558649,0.237955437734676,0.369514128791522,0.591917666775655,0.0274395494520721,0.221345993612684,0.147503636228937,0.190912345769006,0.310312647880697,0.643583024026312,0.141336900964018,0.278283251840234,0.656366004478309,0.166977697608959,0.371365390808116,0.105403555705273,0.0497749921471504,0.0504368029275982,1,0.580579992877578,0.543681546835672,0.0156498834823851,0.461780287828714,0.257194752649296,0.0194175105728263,0.347865070193543,0.823755420022009,0.476177160975017,0.4934080085656,0.348375370382056,0.502894658012313,0.396579417548031,0.321891138660292,0.484244025253991,0.143430765856806,0.418693181869978,0.193617530265666,0.244746126543312,0.0778526890437015,0.504391649435157,1,0.0942899412325172,0.093576965225079,1,0.808063085605897,0.426162428011801,0.931825704688393,0.671640670002991,0.392723908469368,0.48799894494651,0.789494858971958,0.182333944671439,0.59982940582572,0.130307597066865
"STAT3",0.746980168264671,0.555161692420504,0.0928015988116275,0.573213672646919,0.274349173719812,0.0519208439408312,0.372000504503241,0.573990695975333,0.773316687768472,0.0623165982730289,0.00905819765255765,0.164901884041014,0.684913944111012,0.122196817819169,0.227976620528391,0.139763340459117,0.266213544189407,0.104443955788469,0.0607013589912818,0.691994537807494,0.064090534338304,0.857616368081007,0.168795906886216,0.27104322730489,0.330836493921476,0.0766429087079072,0.0156719649729879,0.00214940930824164,0.506404273864264,0.0982204036382673,0.237781452192452,0.604261399417126,0.189374692840528,0.417650888670825,0.61723151675355,0.510479461526443,0.28657111465489,0.699425162110837,0.104892785963047,0.284039837981473,0.21802348881923,0.906506369153447,0.33312483925573,0.032574105575431,0.150639523479182,0.296119914993774,0.365282927014424,0.388474907357944,0.600996865963063,0.549297469653184,0.254734032649942,0.0975530044278739,0.441282921041911,0.260790005913434,0.216524191291624,1,0.189607497785086,0.3049034962979,0.839518302956416,0.432146793743365,0.0315542004785019,0.171761845339721,0.28875945386345,0.0548089596440661,1,0.691161614756999,0.140731081018104,0.075474309048358,0.421451914666264,0.0269675498145308,0.135806938680444,0.26354076570488,0.114704373564631,0.289673186201693,0.414474263181665,0.225108760537147,0.0329451519046611,0.770374922177549,0.572416228178475,0.076175103332637,0.524743092248993,0.102467394167107,0.510384421016653,0.0195226314007441,0.0140372713880472,0.749408484729853,0.91664513953552,0.254134149624793,1,0.640248364819448,0.227661340169023,0.938254078450087,0.706855656540914,0.817127655284791,0.0497431267256974,0.178098426759115,0.236811098565507,0.232037403297898,0.460621817747857,0.357606755525548
"JAK2",0.589705158377286,0.0709094529062554,0.0754512253743992,0.323707572500787,0.0917879037736336,0.513032168363862,0.235486341756406,0.226555400370549,0.0163596652896669,0.110609837911423,0.118599076314109,0.0831503027605731,0.499106058619736,0.213758461868884,0.264703308580733,0.0485595454784549,0.251653471837417,0.0511635786272507,0.0285923236096824,0.242628255267864,0.0251586691900046,0.473046627718998,0.248597165312628,0.0735904373502899,0.0836524031310724,0.281266377446721,0.175559514862008,0.030651398185912,0.335287770929548,0.0538596769612701,0.551826214124901,0.301272093619367,0.0456096431247401,0.234765523941594,0.265678572617098,0.363191319677232,0.505003355188976,0.485247837601661,0.26277013155621,0.140051368690305,0.242872284111011,0.728074510242767,0.412268481754798,0.275069527935434,0.271151801765624,0.0697917852087388,0.349480328072127,0.358628168645041,0.356275994823923,0.590623068528384,0.349361091817187,0.0834654409440676,0.210798055141037,0.206805763301372,0.0293405688692262,0.457113713676874,0.117812918153359,0.207329245068065,0.597525488854362,0.2271064722113,0.304016314314849,0.138118921012025,0.234033968279722,0.0406177913868834,0.283749675061629,0.19889604740957,0.18065796159001,0.00417274048560272,0.0692472741391749,0.0873789738660675,0.0294994200534344,0.114020173762471,0.624186832098337,0.197505494536301,0.262224595668959,0.0148873019884045,0.127400156684277,0.909514256583417,0.642825631549696,0.192193159905621,0.262798578789573,0.0369118820490332,0.440168313509773,0.117178186324349,0.0810715617599789,0.140845596590179,0.145682966818146,0.363281930289212,0.958212529302382,0.00477534466201758,0.169977220931442,0.687671359448613,0.549787888783463,0.593538921760558,0.0254400595319796,0.189967815534394,0.382653543583113,0.205589254165956,0.46035394518921,0.305111627182455
"NFE2L2",0.223303556573112,0.029376999490021,0.247596738971319,1,0.0324857305568052,0.569578616635285,0.0932189683490904,0.551071215839479,0.363504133255828,0.619215116918524,0.633269617264153,0.126417441820252,0.429418185815466,0.7322776821083,0.620434083412782,0.0427653179487274,0.234752482312636,0.598223502396687,0.586081542550669,0.197775162202754,0.54155238839349,0.118441137807321,0.404941154110581,0.325602170129573,0.440617547268324,0.0389182264531278,0.404549635851548,0.508278217786759,0.907780286953845,0.249446333382877,0.477834726377794,0.161421723447949,0.421804601636477,0.146251527953367,0.373197243999608,0.548976651163806,0.781709267790391,0.395998684291064,0.116068378351076,0.0892697443744711,0.863656698226375,0.483057759788891,0.191681467826775,0.309381224949841,0.641816231935174,0.706249688503569,0.0731686195812856,0.626294631207276,0.076440089355328,0.594543259090318,0.147352353373103,0.686017374959723,0.802653282092432,1,0.0524913722002759,0.91785305447554,0.0451163470922661,0.0898594738721579,1,0.211832156920017,0.515775935499355,0.847851841069862,0.168541675737941,1,1,0.0187627683247194,0.0965245730800245,0.399132084366164,0.334821268890009,0.684192393309912,0.390967929407147,0.156546015387515,0.505289558342558,0.619324603203682,1,0.48868818444486,0.795517594516547,0.0101080989156413,0.241372026658789,0.201782187591698,0.502282706607089,0.264333954644855,0.667190518072479,0.582251080788928,0.377016636116686,0.153317138430411,0.431833045586166,0.328035326529985,0.432833815547974,0.238477742429386,1,0.593335002147265,0.775941110385209,0.270566543382183,0.239270892839987,0.345571056675168,0.449637956072028,0.285664439963481,0.172988881381843,0.216354547709765
"SLC25A37",0.935524133774776,0.714512530928036,0.079460760677725,0.896812983342611,0.465524825913402,0.333736313935185,0.568751804769217,0.828240172724438,0.714150161026253,0.573629952677352,0.133828495004061,0.170501974210939,0.873252058039476,0.404538133419758,0.0870469963164105,0.426407785282093,0.27754088197382,0.0503624762632891,0.310138349423046,1,0.207821617874055,0.881083122235974,0.124647780991526,0.318416107717461,0.316989118835017,0.361156782100155,0.019014185186044,0.0060140220567051,0.65429441554848,0.296701100204926,0.0979158081554976,0.957548795279824,0.381117526254776,0.58891838485771,1,1,0.179422840910674,0.634573943880201,0.0576705550873706,0.433173418371844,0.218056113920806,1,0.255559648589277,0.579630871212095,0.626724374379135,0.728306815270675,0.480894864980286,0.366185476307078,0.877481638604035,0.939541880571922,0.089218526731304,0.0783838932459708,0.680746862915709,0.242012022009035,0.568461356131795,0.852073068594847,0.276784198826017,0.732872858574639,1,0.513681892511189,0.459233829281157,0.270493023395444,0.338836382623848,0.120370201405955,0.934586801662415,0.535413636557765,0.574787529778259,0.248524976564815,0.657762907051347,0.059259017904885,0.28439703280705,0.95435325199967,0.323662382294568,0.691705157610697,0.362644549351897,0.551324463589201,0.0867226112924281,1,1,0.355937010752697,0.727008915373637,0.212927298520284,0.693704695996852,0.0773967090809947,0.0484796923553146,0.663716066749786,1,0.361044105843409,1,0.707789442481648,0.108670955654485,0.961826550863062,0.99152179750208,0.861938623733031,0.209876161602929,0.682899184452903,0.171724529897238,0.006987631323522,0.882520917186599,0.540220723557244
"CXCL8",1,0.62713671348273,0.153627304170687,0.399532785783772,0.215906879319617,0.10625217403168,0.254398671305471,0.730879434381956,0.580504018004825,0.160618007031419,0.0756274743078086,0.16633224162795,0.695545086505928,0.0895714957724015,0.0136571663873095,0.162988657641478,0.45705273022359,0.145491374460302,0.263662590964273,0.928965605156757,0.215748647438015,0.826963670159986,0.150918448443252,0.132407550942508,0.150443701611756,0.0965923636347362,0.14089656714317,0.0168912384953233,0.4056318119536,0.182323554922307,0.301321682447902,0.622619421019333,0.293504771343967,0.319216299508158,0.822972475675278,0.648768841281032,0.276511474723706,0.976841325708993,0.263821041386564,0.284117285649995,0.07508268069808,1,0.39392572442905,0.205348975562175,0.0477445452451831,0.245884900676165,0.35677287936032,0.538854728730507,0.727223635248823,0.973322368793798,0.238951937679906,0.0112686910827579,0.308116383721929,0.602731124897535,0.358414805997563,1,0.220572741980839,0.332184218762926,0.861116890317354,0.763966932704584,0.0176437859299842,0.00611608620607697,0.281708735482266,0.254615580064446,0.985914567984938,0.367483329766227,0.26383446546192,0.0873159713824973,0.317895356393093,0.127988913612807,0.0132424405083485,0.244603756161471,0.0992387965691634,0.24218381223247,0.20560640650708,0.0689548020299075,0.110598351497676,0.918847826940388,1,0.111888910037182,0.439409635731273,0.0653317660280665,0.693308762938365,0.44154141349479,0.137705129314862,0.440612881793014,1,0.300020515353786,1,0.514683627925819,0.164049342511411,0.9326754411224,0.962785400116496,0.978217743356877,0.00427068715036512,0.180545616251721,0.0618490143140955,0.0563798750740266,1,0.682747658769515
"SLC40A1",0.152361393186457,0.244487922518562,0.0740661902710683,0.325240095136022,0.193486891530305,0.318575294013563,0.213566926060066,0.400929116782835,0.72534483540543,1,0.104487848873329,0.151472932631594,0.294264920475378,0.175538956879342,0.093237223759977,0.271371699205695,0.484959449617831,0.32607375084632,0.0960553789936262,0.516247369641175,0.00611894588794902,0.838111599231907,0.0168187521695426,0.541324137292488,0.628431920116807,0.0792808547418198,0.388031573077637,0.182658794578126,0.148693007629025,0.00317614737075851,0.061855578506585,0.421710490065669,0.0639155940923611,0.386302308504765,0.293778012605003,0.286831360069571,0.297603322512494,0.0306640230502472,0.152369273042588,0.281015874970589,0.224577221311054,1,0.260479207222272,0.330470610530468,0.547959544298896,0.162344220671564,0.0687197184077815,0.263552924615326,0.193379407068664,0.605346652540981,0.214556833941687,0.0318570738878311,0.115319893195834,0.0920973620168049,0.0814919508771026,0.767058073491726,0.123883626567477,0.184293803538082,0.192347424235488,0.41768766924397,0.052920291924304,0.179549187634566,0.0914747845092062,0.345979138824162,0.344223162749292,0.478380978443228,0.0881244591866798,0.0107955515390354,0.309046383465315,0.0689635401322577,0.092433776065945,0.639654757906535,0.132108124581251,0.657343982235313,0.016431858405804,0.280858175625456,0.120846241584674,1,0.835684364712723,0.0703061110030263,0.286710542157872,0.225235525365311,0.604048016802894,0.0185715339433077,0.0709347373500361,0.765843883662307,0.813154437575191,0.244826431125855,0.252679919759475,0.443596147371996,0.387636241379874,0.377694701377645,0.489326737901106,0.659487496434477,0.307715614211724,0.641366631034978,0.175427921084969,0.270964968554378,0.434683091520358,0.00422143440103769
"IL6",0.611127507980764,0.836442321237419,0.0854305132856108,0.590096062954242,0.393770800715669,0.0110487653064113,0.419681358742168,0.604515609294345,1,0.729156008103333,0.055848632915352,0.171666450333355,0.70467977149382,0.0951777763509033,0.0750378220600194,0.329818116370067,0.45359593338359,0.0470856444729183,0.168563131186487,0.917584566858211,0.0925407520615472,1,0.122236055237591,0.415623474332912,0.346668918778183,0.0273236192394843,0.0276322463951739,0.0393457003229386,0.537745184374689,0.154506923096062,0.0200464749315949,0.461384466377981,0.217696314998414,0.492499119377541,0.421062652266876,0.740225437719339,0.286286898288501,0.679749896485409,0.0141348883297677,0.351589443723414,0.220860833260753,1,0.297348647087376,0.37432316309682,0.429353217498297,0.26240208740384,0.317675826406622,0.36286666231348,0.471332693557488,0.922553570799312,0.186203808055931,0.0766055266793342,0.561587706351751,0.285981210565217,0.273650653620598,0.81163398670249,0.171734759185645,0.491854067355065,0.893919287588131,0.323871472637088,0.232958310502002,0.252147713024755,0.289234988126711,0.233463091304731,0.730378739718427,0.95829794210387,0.127545227544543,0.111900814677698,0.603728629208131,0.0415276235697696,0.183302128435389,0.80568324044603,0.0454767859371048,0.67303904979867,0.290606668031873,0.374376853695934,0.0434828037806221,0.827744280988593,0.637860872040875,0.109661852505522,0.602352586466785,0.197840111234766,0.267121838158561,0.158999793225723,0.0726632525278022,0.361588134127067,0.686217116600281,0.359300587931103,1,0.494833115845225,0.124648951001987,0.905987369011148,1,0.936470713503917,0.0531124662954056,0.632339692595536,0.150256830721766,0.0772804390287655,0.96714401726792,0.227384679481444
"GPX4",0.512144624332512,0.389349165220455,0.0289291045352882,0.522961394522895,0.0997961307900913,0.486833526970223,0.164482391932361,0.356087116544018,0.227787855875426,0.598886199500499,0.106198389786732,0.0179051345282554,0.244735518724144,0.590582478691353,0.0432784042366158,0.174071817665079,0.0272826474882314,0.385552517663111,0.238118624107737,0.843236095132861,0.179198380837559,0.0331538085144622,0.0658156221659086,0.0291577407448439,0.0601718862978542,0.754326396302539,0.216848592355388,0.141396040744114,0.173643877704173,0.312010408763199,0.30897180103001,0.177534065995283,0.326250992159786,0.14808141957188,0.376755264806343,1,0.229082713316223,0.17303264694899,0.102264631913017,0.134147169225918,0.0606061211395292,0.738134574510127,0.122965199914332,0.546169798271403,0.45441765788749,0.509539856105091,0.321570489995568,0.02699280725577,0.473119761677269,0.152461266441111,0.246750174030473,0.0135503007095424,0.215725602217754,0.0559680912966059,0.53126355246716,0.478615393327264,0.119022319276139,0.588133574996977,0.863078073594634,0.127362869104656,0.52797517566698,0.0508283963263153,0.0809774133578155,0.0921616129491412,0.681973869955941,0.0124486305981337,0.63211530125215,0.256712802036938,0.00838218023471017,0.06437474314802,0.192243576022169,0.60540271938748,0.312755798303864,0.0884437859817156,0.0551284972741108,0.374702030748505,0.0496544960400264,0.359218607489284,0.0223270003319567,0.14216347187654,0.261787594971793,0.0284110175292487,0.387847604060513,0.0201530977917018,0.00656030943133365,0.145154049833366,0.874539791460089,0.0141471903235175,0.465012394740936,0.704088555816228,0.00945616989521226,0.0297741519100217,0.0637001523320301,0.236730657065957,0.387157123006576,0.0850801737069502,0.0643054920779552,0.42904745469451,0.647414184058724,0.464016510485779
"GCLM",0.743659116401942,0.884582886140812,0.131838954890336,0.58566204186454,0.431056629289265,0.188121611888364,0.447672768340397,0.694987164210369,1,0.760794612729789,0.0967604806250717,0.221438578926554,0.516255852006825,0.127772503115199,0.0768728452127958,0.30364789097156,0.579039522243625,0.114632576245841,0.157588017026457,0.962765065650844,0.0963969131783566,1,0.118634558583274,0.49601369058164,0.674279901386827,0.0901597807057581,0.0642627910205947,0.094752752315464,0.547773562597116,0.0916732306026811,0.100492831359206,0.763193632798243,0.213697506128717,0.564352185770276,0.723078884629931,0.656252570778589,0.274562352649069,0.715283358892107,0.0137442687705599,0.404322795842794,0.318684830120976,1,0.42048246608137,0.387291039388738,0.498202650363493,0.219897717533143,0.239918068602223,0.4554922116685,0.65428673924947,0.643123478430416,0.321019688133362,0.0705503201553755,0.530974763120431,0.277691123076128,0.303909589732824,1,0.229174160406405,0.496089342486847,0.923883314504005,0.440843770226414,0.0932981506715592,0.280544087512573,0.331421935282666,0.263901733754742,0.950422736886663,1,0.118859210797163,0.0974612151846024,0.69140108457922,0.0341471477015352,0.203018911418814,0.813973173291812,0.0176059920476634,0.793548625541235,0.268313751745816,0.398863879343942,0.0412079441982626,1,0.641706459865512,0.145711712272747,0.652471898497849,0.250342132390965,0.835762464417217,0.0105421121449166,0.0876673447294938,0.457811324128479,1,0.402846101046432,1,0.461761301159637,0.163049093988454,0.641190714647756,1,1,0.157652008197826,0.646053431001,0.0310089247523013,0.260723161671689,0.847244617729795,0.213142717517158
"HMOX1",0.0381923701491733,0.294321474862026,0.0702769678047484,0.0424924888969106,0.150736863694906,0.448564368080193,0.00113784524943274,0.205216315300734,0.25107262483335,0.445861964656053,0.282559881085534,0.0217864875516921,0.0950842705768303,0.467225513223138,0.0264612885563548,0.114145568537375,0.253484664442958,0.0422140160043295,0.241941053913039,0.510171518422385,0.174638254691391,0.051871580933671,0.20262092494694,0.373355577356598,0.270345730175434,0.393653669051134,0.264636226240886,0.130226991225303,0.119928139841403,0.0156865040612909,0.519442444085132,0.165387440277356,0.179648031786899,0.00049953374853151,0.30848707741662,0.156862993344523,0.13607955790829,0.250656331141899,0.223142876459433,0.12603726619685,0.220021412900903,0.0616839179377817,0.145773171576692,0.390476063725455,0.516020807172023,0.452822658252227,0.0994794320836818,0.0197089804870767,0.108637762378234,0.0696707173341083,0.077196393570852,0.155279373086532,0.0427151659745905,0.092739321937637,0.130789382286165,0.13175231025198,0.0330584137267956,0.093548757409318,0.466657108881471,0.0503803057113339,0.127449123881828,0.054224577433152,0.0231134198806924,0.0845958521598405,0.800504551536182,0.0240996070459666,0.361507282009918,0.04590988080357,0.148878667479096,0.176865519137078,0.03124362380941,0.154402201297462,0.605828642161822,0.115230321846695,0.142521463737647,0.192373277164066,0.255479787476549,0.168108443008787,0.258483039631235,0.301861778368603,0.00651960582705581,0.181210868175457,0.0534484022360575,0.0158656044721726,0.0135210013548555,0.504626438028052,0.747357307190903,0.141639281150927,0.151504197543936,0.51941206276116,0.541103990804483,0.108605160739074,0.189398478844446,0.152209417467407,0.142959611824644,0.0862695511633338,0.440141101682007,0.259545285722441,0.331016308280901,0.0584146994612502
"STAT1",0.214685493741617,0.56834584320621,0.186399883134637,0.825958462849781,0.1267409799102,0.119795958037535,0.142328479342047,0.280336881994921,0.405730850409753,0.00401840035041445,0.181101357806506,0.123484387852505,0.243343872812496,0.0967604683999449,0.589757447688516,0.0941462713603653,0.430475514346654,0.109503460634665,0.213366174592265,0.115513712038472,0.214274925242905,0.0514031299061307,0.1018420904797,0.062858333027245,0.0191065490038671,0.314554379377262,0.44875460207714,0.259179522483034,0.542796591889383,0.236728204995677,0.331231364068312,0.144308891352295,0.100583253913127,0.139414240591889,0.0460599702945035,0.220815934419703,1,0.0775163088191402,0.0915978549693273,0.00167067970466886,0.409135704861948,0.478305163690747,0.333433681836883,0.153597592763208,0.925397246001968,0.0691349944561629,0.0293665931033333,0.527299227550119,0.00445041088669198,0.631149722504743,0.363603968557186,0.372289547698816,0.605074922514852,0.439725838949133,0.34259976744733,0.601456982118622,0.0133804653814888,0.142686262035221,0.535882579603122,0.59836597126645,0.727690591938899,0.432537651885049,0.0300302986788398,0.804553195235748,0.18484618834485,0.0179799035861266,0.494896805594422,0.330800857152046,0.0643279628629732,0.3270542266193,0.386814317402854,0.125124198013699,0.442504822150213,0.456403688333048,0.628156644167714,0.505167265289353,0.17534397080687,0.20977813481225,0.525641372460871,0.197914052951794,0.192207885143093,0.0280796874302516,0.0369595422000906,0.913986299870756,0.280059681745272,0.0440142149832066,0.0624268410223451,0.0200508332492045,0.468325138173264,0.265380952332452,0.457779017735879,0.574793223860377,0.314761666074231,0.174635345639192,0.208214207143318,0.260401116310106,0.518378582636937,0.217366243506206,0.103777605744121,0.357104296783189
"NCOA4",0.347208210953368,0.790862657668034,0.0512379533520362,0.362035123519704,0.305896105985658,0.22001317222384,0.107089487216044,0.0635402461278412,0.645975544263851,1,0.1540700451086,0.0218715489834506,0.0435078668031682,0.174455782629306,0.0109805187765821,0.266227807013974,0.0370164288488472,0.0132116157737,0.116258147233061,0.639185514892776,0.0155527054898273,0.212829049450126,0.166560939557201,0.345421938332626,0.700910503548787,0.667428276711845,0.231920709708025,0.105233759760277,0.205902578176326,0.091241561524866,0.755917910313536,0.291899699085334,0.0790504813951854,0.246142152275982,0.19674348511285,0.296029329084022,1,0.234437700898129,0.385196208967283,0.162410501074157,0.0949380819655908,0.682004814841625,0.272511341117631,0.622270012242849,1,0.291048457525591,0.228571460989595,0.27129935838813,0.0601076463808803,0.0700852984615482,0.205021851375117,0.0764055972331157,0.418583709501166,0.318491865880132,0.308640159805724,0.558311970616064,0.0315908075828823,0.177206737132969,0.0714526443964499,0.406245507774006,0.705464284942932,0.273358912356765,0.00737367357288292,0.505856491646686,0.330910205635158,0.219719932432521,0.442830799933274,0.189406216396457,0.262344319647061,0.0641530989233951,0.228268232135236,0.593288797040719,0.638301828438147,0.584847830822893,0.112762167980938,0.553496034819858,0.082590569750802,0.347583649796616,0.39090014345678,0.399603187074881,0.138509732852657,0.24788322799926,0.164266366796502,0.247016988135768,0.277385207046716,0.725447413688717,0.835505568071181,0.0888529524351777,0.410200387967885,0.589135171771206,0.207150005373092,0.270786406637204,0.101297446404634,0.0394241417251981,0.128484765701273,0.472292445482635,0.220623056124486,0.288071203164542,0.273884304359681,0.346298258098668
